{
  "simulation_info": {
    "session_id": "enchanted_multiverse_1753123219",
    "timestamp": "2025-07-21T11:43:19.860282",
    "simulation_type": "Enchanted Quantum Casino Multiverse",
    "disclaimer": "DEMONSTRATION OF ADVANCED QUANTUM GAMING TECHNOLOGY"
  },
  "multiverse_statistics": {
    "total_mystical_games": 572,
    "total_quantum_players": 2,
    "peak_quantum_advantage": 50000000.0,
    "total_tokens_mined": 571185455.6843721,
    "mystical_events_triggered": 91,
    "divine_interventions": 15,
    "interdimensional_travels": 55,
    "current_realm": "unity_field_casino"
  },
  "mystical_player_statistics": {
    "mystical_player_1_1753123219": {
      "player_name": "QuantumMystic_Alpha",
      "total_mystical_tokens": 118455.64090689759,
      "token_breakdown": {
        "quantum_essence_token": 2384.4061533653926,
        "cosmic_fusion_token": 999.4033301383546,
        "mystical_rune_token": 526.6063619853302,
        "sacred_ankh_token": 7643.965986973239,
        "golden_feather_token": 34579.42463385516,
        "crystal_cube_token": 9465.21466954919,
        "star_fragment_token": 3543.5045238679004,
        "nature_spiral_token": 1043.0845941739244,
        "atlantean_crystal_token": 304.9962412460824,
        "arcturian_star_token": 34353.902068892865,
        "reality_shard_token": 4828.48726510504,
        "divine_blessing_token": 1447.9820237021977,
        "infinity_crystal_token": 620.8028688829985,
        "consciousness_orb_token": 2346.548876051912,
        "pleiadian_harmony_token": 1989.3483433415945,
        "cosmic_diamond_token": 1208.980945951967,
        "lemurian_light_token": 2504.3900618236153,
        "universal_energy_token": 611.9416998928674,
        "time_fragment_token": 662.3922775668777,
        "dimensional_key_token": 7390.257980531109
      },
      "total_winnings": 362090.70559092995,
      "games_played": 286,
      "win_rate": 0.968421052631579,
      "consciousness_level": 169.42666721401062,
      "reality_manipulation_power": 3.522117920012647,
      "divine_blessings": 0,
      "karma_points": 57230.96666869925,
      "cosmic_vip_level": 8,
      "interdimensional_access": [
        "material_dimension_casino",
        "akashic_records_casino",
        "cosmic_consciousness_casino"
      ],
      "mystical_achievements": [
        "Quantum Consciousness Awakening",
        "Reality Perception Enhancement",
        "Interdimensional Awareness",
        "Cosmic Connection Established",
        "Cosmic Event 5",
        "Cosmic Event 6",
        "Cosmic Event 7",
        "Cosmic Event 8",
        "Cosmic Event 9",
        "Cosmic Event 10"
      ]
    },
    "mystical_player_2_1753123219": {
      "player_name": "QuantumMystic_Beta",
      "total_mystical_tokens": 571288613.0572193,
      "token_breakdown": {
        "quantum_essence_token": 15257978.534582924,
        "cosmic_fusion_token": 15479746.967559475,
        "mystical_rune_token": 15745.412616350723,
        "sacred_ankh_token": 1988.2300397022739,
        "golden_feather_token": 3745.795010032168,
        "crystal_cube_token": 33146.08520153258,
        "star_fragment_token": 2034.8647377637076,
        "nature_spiral_token": 9274.769380741667,
        "atlantean_crystal_token": 18748122.41843349,
        "arcturian_star_token": 8523811.774817048,
        "reality_shard_token": 187315836.22237694,
        "divine_blessing_token": 200935143.77472842,
        "pleiadian_harmony_token": 3252868.150006917,
        "cosmic_diamond_token": 121695665.33649541,
        "time_fragment_token": 3433.3111936850987,
        "dimensional_key_token": 3344.4483028564855,
        "universal_energy_token": 2374.5892167406064,
        "consciousness_orb_token": 1642.4256628243122,
        "infinity_crystal_token": 18.778549119630476,
        "lemurian_light_token": 2691.168307304757
      },
      "total_winnings": 431026.2335609191,
      "games_played": 286,
      "win_rate": 0.972027972027972,
      "consciousness_level": 169.30157354788636,
      "reality_manipulation_power": 3.6912213829179805,
      "divine_blessings": 0,
      "karma_points": 67553.43552653858,
      "cosmic_vip_level": 5,
      "interdimensional_access": [
        "material_dimension_casino",
        "cosmic_consciousness_casino",
        "source_dimension_casino",
        "astral_plane_casino"
      ],
      "mystical_achievements": [
        "Quantum Consciousness Awakening",
        "Reality Perception Enhancement",
        "Interdimensional Awareness",
        "Cosmic Connection Established",
        "Cosmic Event 5",
        "Cosmic Event 6",
        "Cosmic Event 7",
        "Cosmic Event 8",
        "Cosmic Event 9",
        "Cosmic Event 10"
      ]
    }
  },
  "quantum_algorithms_used": {
    "Ultimate_Reality_Architect_Supreme": 50000000.0,
    "Divine_Consciousness_Omnipotent": 25000000.0,
    "Cosmic_Council_Unity_Algorithm": 15000000.0,
    "Universal_Source_Connection": 10000000.0,
    "Interdimensional_Fusion_Master": 8000000.0,
    "Atlantean_Crystal_Mathematics": 5000000.0,
    "Lemurian_Consciousness_Algorithms": 3000000.0,
    "Arcturian_Stellar_Wisdom": 2500000.0,
    "Pleiadian_Quantum_Harmony": 2000000.0,
    "Sirian_Geometric_Perfection": 1800000.0,
    "Andromedan_Reality_Bending": 1500000.0,
    "Enhanced_Norse_Probability_Mastery": 567800.0,
    "Mystical_Egyptian_Sacred_Geometry": 445200.0,
    "Cosmic_Aztec_Calendar_Timing": 389600.0,
    "Arcane_Babylonian_Mathematics": 256300.0,
    "Divine_Persian_Geometric_Patterns": 289400.0,
    "Magical_Celtic_Natural_Harmony": 334700.0,
    "Quantum_Consciousness_Interface": 1200000.0,
    "Reality_Manipulation_Engine": 900000.0,
    "Time_Space_Distortion_Algorithm": 750000.0,
    "Dimensional_Portal_Generator": 600000.0,
    "Mystical_Probability_Enhancer": 450000.0
  },
  "mining_summary": {
    "total_tokens_mined": 571185455.6843721,
    "mystical_events": 300,
    "divine_interventions": 323,
    "reality_distortions": 82,
    "consciousness_upgrades": 43
  }
}