{
  "simulation_info": {
    "session_id": "enchanted_multiverse_1753123296",
    "timestamp": "2025-07-21T11:44:36.505121",
    "simulation_type": "Enchanted Quantum Casino Multiverse",
    "disclaimer": "DEMONSTRATION OF ADVANCED QUANTUM GAMING TECHNOLOGY"
  },
  "multiverse_statistics": {
    "total_mystical_games": 577,
    "total_quantum_players": 2,
    "peak_quantum_advantage": 50000000.0,
    "total_tokens_mined": 601731982.9412826,
    "mystical_events_triggered": 85,
    "divine_interventions": 11,
    "interdimensional_travels": 49,
    "current_realm": "unity_field_casino"
  },
  "mystical_player_statistics": {
    "mystical_player_1_1753123296": {
      "player_name": "QuantumMystic_Alpha",
      "total_mystical_tokens": 49664.438661329434,
      "token_breakdown": {
        "quantum_essence_token": 895.6533057146845,
        "cosmic_fusion_token": 157.80655079110383,
        "mystical_rune_token": 2429.3237523739353,
        "sacred_ankh_token": 934.8349568416356,
        "golden_feather_token": 193.78885020642116,
        "crystal_cube_token": 96.85655765254869,
        "star_fragment_token": 2571.0006262180846,
        "nature_spiral_token": 3607.9824512889268,
        "atlantean_crystal_token": 410.7030487817497,
        "arcturian_star_token": 948.0840218115575,
        "reality_shard_token": 15682.396943970594,
        "divine_blessing_token": 874.289912886622,
        "consciousness_orb_token": 4009.3691766557354,
        "dimensional_key_token": 2417.8863666653547,
        "lemurian_light_token": 913.5923333556723,
        "pleiadian_harmony_token": 326.16050173965334,
        "infinity_crystal_token": 9666.351151371447,
        "universal_energy_token": 1597.116491022331,
        "time_fragment_token": 1007.9603743228652,
        "cosmic_diamond_token": 923.2812876585072
      },
      "total_winnings": 155668.35622732656,
      "games_played": 289,
      "win_rate": 0.9791666666666666,
      "consciousness_level": 141.069121606036,
      "reality_manipulation_power": 4.118899813139032,
      "divine_blessings": 2,
      "karma_points": 25907.28836569131,
      "cosmic_vip_level": 6,
      "interdimensional_access": [
        "material_dimension_casino",
        "causal_dimension_casino",
        "cosmic_consciousness_casino",
        "ethereal_realm_casino",
        "unity_field_casino"
      ],
      "mystical_achievements": [
        "Quantum Consciousness Awakening",
        "Reality Perception Enhancement",
        "Interdimensional Awareness",
        "Cosmic Connection Established",
        "Cosmic Event 5",
        "Cosmic Event 6",
        "Cosmic Event 7",
        "Cosmic Event 8",
        "Cosmic Event 9"
      ]
    },
    "mystical_player_2_1753123296": {
      "player_name": "QuantumMystic_Beta",
      "total_mystical_tokens": 601474829.5330758,
      "token_breakdown": {
        "quantum_essence_token": 23006523.63263561,
        "cosmic_fusion_token": 13679723.495295702,
        "mystical_rune_token": 729.2515483803298,
        "sacred_ankh_token": 1868.0886633986793,
        "golden_feather_token": 2180.9950286083713,
        "crystal_cube_token": 1823.3781482183717,
        "star_fragment_token": 34285.95646118231,
        "nature_spiral_token": 1431.9514230520333,
        "atlantean_crystal_token": 19423251.582196467,
        "arcturian_star_token": 9816268.20399121,
        "reality_shard_token": 205504824.0240434,
        "divine_blessing_token": 226691252.18370575,
        "pleiadian_harmony_token": 5576385.856100082,
        "cosmic_diamond_token": 97711629.3773649,
        "universal_energy_token": 1354.5218041245848,
        "time_fragment_token": 17665.68916196877,
        "infinity_crystal_token": 755.5219532724607,
        "dimensional_key_token": 432.05288479403663,
        "lemurian_light_token": 1192.6446118955405,
        "consciousness_orb_token": 1251.1260537319633
      },
      "total_winnings": 241844.79885141162,
      "games_played": 288,
      "win_rate": 0.9790940766550522,
      "consciousness_level": 161.63341442386658,
      "reality_manipulation_power": 3.637349936348216,
      "divine_blessings": 0,
      "karma_points": 38694.3649616492,
      "cosmic_vip_level": 5,
      "interdimensional_access": [
        "material_dimension_casino",
        "unity_field_casino",
        "akashic_records_casino"
      ],
      "mystical_achievements": [
        "Quantum Consciousness Awakening",
        "Reality Perception Enhancement",
        "Interdimensional Awareness",
        "Cosmic Connection Established",
        "Cosmic Event 5",
        "Cosmic Event 6",
        "Cosmic Event 7",
        "Cosmic Event 8",
        "Cosmic Event 9",
        "Cosmic Event 10",
        "Cosmic Event 11"
      ]
    }
  },
  "quantum_algorithms_used": {
    "Ultimate_Reality_Architect_Supreme": 50000000.0,
    "Divine_Consciousness_Omnipotent": 25000000.0,
    "Cosmic_Council_Unity_Algorithm": 15000000.0,
    "Universal_Source_Connection": 10000000.0,
    "Interdimensional_Fusion_Master": 8000000.0,
    "Atlantean_Crystal_Mathematics": 5000000.0,
    "Lemurian_Consciousness_Algorithms": 3000000.0,
    "Arcturian_Stellar_Wisdom": 2500000.0,
    "Pleiadian_Quantum_Harmony": 2000000.0,
    "Sirian_Geometric_Perfection": 1800000.0,
    "Andromedan_Reality_Bending": 1500000.0,
    "Enhanced_Norse_Probability_Mastery": 567800.0,
    "Mystical_Egyptian_Sacred_Geometry": 445200.0,
    "Cosmic_Aztec_Calendar_Timing": 389600.0,
    "Arcane_Babylonian_Mathematics": 256300.0,
    "Divine_Persian_Geometric_Patterns": 289400.0,
    "Magical_Celtic_Natural_Harmony": 334700.0,
    "Quantum_Consciousness_Interface": 1200000.0,
    "Reality_Manipulation_Engine": 900000.0,
    "Time_Space_Distortion_Algorithm": 750000.0,
    "Dimensional_Portal_Generator": 600000.0,
    "Mystical_Probability_Enhancer": 450000.0
  },
  "mining_summary": {
    "total_tokens_mined": 601731982.9412826,
    "mystical_events": 323,
    "divine_interventions": 330,
    "reality_distortions": 98,
    "consciousness_upgrades": 50
  }
}