{
  "world_info": {
    "world_id": "world_20250721_235305_7092",
    "name": "Andromedan Wastes",
    "world_type": "Alien Desert",
    "size": [
      40,
      30
    ],
    "creation_timestamp": "2025-07-21T23:53:05.650118",
    "alien_influence": 0.7860749339845496,
    "reality_coherence": 0.8077018720100305,
    "mathematical_harmony": 0.6246011273077187
  },
  "statistics": {
    "average_elevation": 0.03871565449357721,
    "average_temperature": 1.0877828195066328,
    "average_humidity": 0.07982529259352054,
    "average_quantum_resonance": 0.4999940489654117,
    "average_consciousness_level": 0.9169719754455534,
    "average_reality_stability": 0.8489825342871585,
    "civilization_count": 2,
    "resource_deposits": 136,
    "consciousness_fields": 7,
    "interdimensional_portals": 0
  },
  "civilizations": [
    {
      "name": "Pleiadian Collective",
      "type": "Consciousness Collective",
      "population": 146737,
      "technology_level": 0.7850835564077869,
      "location": [
        10,
        26
      ],
      "culture_traits": [
        "Transcendent Awareness"
      ],
      "quantum_awareness": 0.4805076517856199,
      "dimensional_access": 8
    },
    {
      "name": "Andromedan Network",
      "type": "Consciousness Collective",
      "population": 307365,
      "technology_level": 0.3690251380984417,
      "location": [
        18,
        24
      ],
      "culture_traits": [
        "Transcendent Awareness"
      ],
      "quantum_awareness": 0.3795879328062129,
      "dimensional_access": 4
    }
  ],
  "resources": {
    "Iron Ore": [
      [
        17,
        23
      ],
      [
        8,
        22
      ],
      [
        13,
        24
      ],
      [
        18,
        19
      ],
      [
        5,
        4
      ],
      [
        8,
        21
      ],
      [
        20,
        10
      ],
      [
        5,
        6
      ],
      [
        39,
        21
      ]
    ],
    "Gold": [
      [
        28,
        5
      ],
      [
        18,
        24
      ],
      [
        11,
        3
      ],
      [
        5,
        20
      ],
      [
        36,
        14
      ],
      [
        1,
        28
      ],
      [
        24,
        7
      ],
      [
        25,
        0
      ],
      [
        4,
        7
      ],
      [
        29,
        21
      ],
      [
        36,
        2
      ],
      [
        1,
        5
      ],
      [
        7,
        13
      ],
      [
        2,
        10
      ],
      [
        14,
        14
      ],
      [
        25,
        12
      ],
      [
        36,
        17
      ]
    ],
    "Diamonds": [
      [
        21,
        21
      ],
      [
        15,
        8
      ],
      [
        9,
        23
      ],
      [
        21,
        12
      ],
      [
        4,
        11
      ],
      [
        33,
        5
      ],
      [
        12,
        18
      ],
      [
        22,
        13
      ],
      [
        21,
        11
      ],
      [
        21,
        2
      ],
      [
        34,
        24
      ],
      [
        24,
        5
      ],
      [
        35,
        15
      ],
      [
        31,
        26
      ],
      [
        0,
        7
      ],
      [
        21,
        3
      ],
      [
        31,
        19
      ]
    ],
    "Water": [
      [
        32,
        21
      ],
      [
        8,
        29
      ],
      [
        2,
        9
      ],
      [
        26,
        24
      ],
      [
        0,
        16
      ],
      [
        24,
        26
      ],
      [
        29,
        5
      ],
      [
        24,
        27
      ],
      [
        3,
        24
      ],
      [
        14,
        29
      ],
      [
        22,
        22
      ],
      [
        29,
        14
      ],
      [
        4,
        13
      ],
      [
        31,
        20
      ],
      [
        18,
        2
      ],
      [
        10,
        5
      ]
    ],
    "Oil": [
      [
        1,
        11
      ],
      [
        1,
        26
      ],
      [
        3,
        1
      ],
      [
        25,
        4
      ],
      [
        8,
        12
      ],
      [
        4,
        6
      ],
      [
        32,
        2
      ],
      [
        19,
        19
      ],
      [
        21,
        25
      ],
      [
        3,
        25
      ],
      [
        25,
        26
      ],
      [
        26,
        25
      ],
      [
        26,
        12
      ],
      [
        16,
        22
      ],
      [
        22,
        4
      ],
      [
        33,
        0
      ],
      [
        3,
        13
      ]
    ],
    "Quantum Crystals": [
      [
        14,
        8
      ],
      [
        9,
        2
      ],
      [
        27,
        20
      ],
      [
        21,
        22
      ],
      [
        6,
        0
      ],
      [
        5,
        1
      ],
      [
        21,
        18
      ]
    ],
    "Consciousness Ore": [
      [
        27,
        4
      ],
      [
        1,
        22
      ],
      [
        25,
        21
      ],
      [
        1,
        17
      ],
      [
        16,
        25
      ],
      [
        38,
        19
      ],
      [
        5,
        7
      ],
      [
        39,
        15
      ],
      [
        22,
        29
      ],
      [
        25,
        2
      ],
      [
        29,
        18
      ],
      [
        3,
        24
      ],
      [
        24,
        23
      ]
    ],
    "Reality Shards": [],
    "Dimensional Stones": [
      [
        20,
        27
      ],
      [
        39,
        21
      ],
      [
        29,
        16
      ],
      [
        6,
        16
      ],
      [
        33,
        22
      ],
      [
        6,
        6
      ],
      [
        26,
        26
      ],
      [
        26,
        17
      ],
      [
        6,
        24
      ],
      [
        2,
        8
      ],
      [
        2,
        29
      ],
      [
        34,
        3
      ],
      [
        34,
        15
      ],
      [
        26,
        3
      ],
      [
        1,
        14
      ]
    ],
    "Stellar Essence": [
      [
        6,
        7
      ],
      [
        11,
        1
      ],
      [
        30,
        21
      ],
      [
        0,
        20
      ],
      [
        5,
        19
      ],
      [
        16,
        26
      ],
      [
        16,
        20
      ],
      [
        24,
        23
      ],
      [
        9,
        19
      ],
      [
        4,
        8
      ],
      [
        16,
        8
      ]
    ],
    "Temporal Minerals": [
      [
        29,
        3
      ],
      [
        34,
        23
      ],
      [
        20,
        14
      ],
      [
        0,
        27
      ],
      [
        5,
        26
      ],
      [
        1,
        16
      ],
      [
        19,
        24
      ],
      [
        9,
        4
      ],
      [
        3,
        13
      ],
      [
        16,
        21
      ],
      [
        19,
        4
      ],
      [
        34,
        11
      ],
      [
        25,
        23
      ],
      [
        13,
        15
      ]
    ]
  },
  "consciousness_fields": [
    [
      7,
      0,
      0.993982232800992
    ],
    [
      10,
      19,
      0.8672544870810863
    ],
    [
      16,
      27,
      0.45002012402777136
    ],
    [
      27,
      17,
      0.6701640624541394
    ],
    [
      15,
      14,
      0.8954266017451964
    ],
    [
      1,
      15,
      0.37493003823114296
    ],
    [
      33,
      6,
      0.47071913068373916
    ]
  ],
  "interdimensional_portals": [],
  "terrain_sample": {
    "sample_points": [
      {
        "x": 0,
        "y": 0,
        "elevation": 0.2604911736720786,
        "temperature": 0.7218526478983764,
        "humidity": 0.2,
        "biome": "Energy Fields",
        "quantum_resonance": 0.5,
        "consciousness_level": 0.7,