{
  "world_info": {
    "world_id": "world_20250721_235305_9653",
    "name": "Quantum Dimension Alpha",
    "world_type": "Quantum Reality",
    "size": [
      40,
      30
    ],
    "creation_timestamp": "2025-07-21T23:53:05.685561",
    "alien_influence": 0.6581676527213929,
    "reality_coherence": 0.5935665418888743,
    "mathematical_harmony": 0.7160436804258633
  },
  "statistics": {
    "average_elevation": 0.3319519928081884,
    "average_temperature": 0.7183823443923664,
    "average_humidity": 0.3991264629676007,
    "average_quantum_resonance": 0.7987193700857284,
    "average_consciousness_level": 1.0,
    "average_reality_stability": 0.5942877740010101,
    "civilization_count": 1,
    "resource_deposits": 138,
    "consciousness_fields": 7,
    "interdimensional_portals": 4
  },
  "civilizations": [
    {
      "name": "Cosmic Collective",
      "type": "Quantum Civilization",
      "population": 122272,
      "technology_level": 0.5260315203731656,
      "location": [
        2,
        14
      ],
      "culture_traits": [
        "Quantum Consciousness",
        "Transcendent Awareness"
      ],
      "quantum_awareness": 0.8890102814336021,
      "dimensional_access": 8
    }
  ],
  "resources": {
    "Iron Ore": [
      [
        37,
        15
      ],
      [
        5,
        18
      ],
      [
        23,
        24
      ],
      [
        23,
        21
      ],
      [
        12,
        24
      ],
      [
        3,
        5
      ],
      [
        8,
        29
      ],
      [
        0,
        21
      ],
      [
        27,
        16
      ],
      [
        18,
        14
      ],
      [
        7,
        24
      ]
    ],
    "Gold": [
      [
        3,
        6
      ],
      [
        26,
        0
      ],
      [
        34,
        6
      ],
      [
        32,
        21
      ],
      [
        22,
        0
      ],
      [
        32,
        27
      ],
      [
        32,
        2
      ],
      [
        3,
        18
      ],
      [
        20,
        29
      ],
      [
        13,
        10
      ],
      [
        37,
        16
      ],
      [
        27,
        8
      ],
      [
        25,
        20
      ],
      [
        32,
        13
      ],
      [
        21,
        8
      ],
      [
        21,
        20
      ],
      [
        6,
        4
      ],
      [
        36,
        1
      ]
    ],
    "Diamonds": [
      [
        3,
        18
      ],
      [
        6,
        21
      ],
      [
        4,
        25
      ],
      [
        33,
        9
      ],
      [
        12,
        9
      ],
      [
        1,
        1
      ],
      [
        31,
        19
      ],
      [
        17,
        0
      ],
      [
        15,
        18
      ],
      [
        2,
        22
      ],
      [
        27,
        9
      ]
    ],
    "Water": [
      [
        28,
        14
      ],
      [
        25,
        6
      ],
      [
        38,
        8
      ],
      [
        15,
        3
      ],
      [
        6,
        2
      ],
      [
        36,
        21
      ],
      [
        7,
        26
      ],
      [
        2,
        2
      ],
      [
        32,
        25
      ],
      [
        15,
        29
      ],
      [
        20,
        27
      ],
      [
        2,
        8
      ],
      [
        1,
        21
      ]
    ],
    "Oil": [
      [
        0,
        21
      ],
      [
        22,
        1
      ],
      [
        28,
        4
      ],
      [
        38,
        3
      ],
      [
        25,
        0
      ],
      [
        16,
        23
      ],
      [
        24,
        11
      ],
      [
        35,
        11
      ],
      [
        13,
        26
      ],
      [
        36,
        1
      ],
      [
        25,
        13
      ],
      [
        27,
        22
      ],
      [
        11,
        22
      ],
      [
        39,
        0
      ],
      [
        34,
        23
      ],
      [
        13,
        20
      ]
    ],
    "Quantum Crystals": [
      [
        11,
        18
      ],
      [
        12,
        3
      ],
      [
        36,
        5
      ],
      [
        36,
        13
      ],
      [
        7,
        21
      ],
      [
        30,
        27
      ],
      [
        31,
        25
      ],
      [
        22,
        19
      ],
      [
        27,
        23
      ],
      [
        20,
        28
      ],
      [
        8,
        24
      ]
    ],
    "Consciousness Ore": [
      [
        35,
        9
      ],
      [
        18,
        9
      ],
      [
        29,
        29
      ],
      [
        13,
        7
      ],
      [
        17,
        9
      ],
      [
        38,
        29
      ],
      [
        25,
        22
      ],
      [
        37,
        28
      ],
      [
        8,
        26
      ],
      [
        17,
        18
      ],
      [
        2,
        7
      ],
      [
        8,
        6
      ],
      [
        4,
        6
      ],
      [
        8,
        25
      ],
      [
        7,
        4
      ],
      [
        30,
        6
      ],
      [
        39,
        18
      ]
    ],
    "Reality Shards": [],
    "Dimensional Stones": [
      [
        13,
        22
      ],
      [
        25,
        29
      ],
      [
        9,
        3
      ],
      [
        27,
        22
      ],
      [
        13,
        2
      ],
      [
        23,
        6
      ],
      [
        23,
        25
      ],
      [
        14,
        23
      ],
      [
        22,
        4
      ]
    ],
    "Stellar Essence": [
      [
        27,
        16
      ],
      [
        18,
        19
      ],
      [
        29,
        5
      ],
      [
        19,
        11
      ],
      [
        39,
        24
      ],
      [
        5,
        21
      ],
      [
        36,
        27
      ],
      [
        20,
        10
      ],
      [
        9,
        12
      ],
      [
        33,
        20
      ],
      [
        12,
        12
      ],
      [
        21,
        1
      ],
      [
        11,
        3
      ],
      [
        34,
        22
      ]
    ],
    "Temporal Minerals": [
      [
        7,
        1
      ],
      [
        25,
        26
      ],
      [
        25,
        18
      ],
      [
        38,
        1
      ],
      [
        23,
        12
      ],
      [
        28,
        4
      ],
      [
        14,
        29
      ],
      [
        35,
        26
      ],
      [
        25,
        17
      ],
      [
        31,
        24
      ],
      [
        29,
        16
      ],
      [
        23,
        9
      ],
      [
        32,
        6
      ],
      [
        11,
        2
      ],
      [
        35,
        15
      ],
      [
        6,
        22
      ],
      [
        37,
        23
      ],
      [
        17,
        14
      ]
    ]
  },
  "consciousness_fields": [
    [
      27,
      24,
      0.33471310335551735
    ],
    [
      18,
      22,
      0.8412936513686096
    ],
    [
      9,
      2,
      0.32332384393903213
    ],
    [
      9,
      22,
      0.7848394595699176
    ],
    [
      9,
      11,
      0.31386556628179174
    ],
    [
      18,
      18,
      0.9577127996430128
    ],
    [
      32,
      11,
      0.9956220186770408
    ]
  ],
  "interdimensional_portals": [
    [
      15,
      27,
      "Consciousness Realm"
    ],
    [
      1,
      13,
      "Consciousness Realm"
    ],
    [
      23,
      5,
      "Consciousness Realm"
    ],
    [
      15,
      26,
      "Quantum Void"
    ]
  ],
  "terrain_sample": {
    "sample_points": [
      {
        "x": 0,
        "y": 0,
        "elevation": 0.23634766775173313,
        "temperature": 0.4290956996744801,
        "humidity": 1.0,
        "biome": "Pleiadian Meadows",
        "quantum_resonance": 1.0,
        "consciousness_level": 1.0,